MMM,https://seekingalpha.com/article/4065316-3m-mmm-q1-2017-results-earnings-call-transcript?part=single
MMM,https://seekingalpha.com/article/4039094-3ms-mmm-ceo-inge-thulin-q4-2016-results-earnings-call-transcript?part=single
MMM,https://seekingalpha.com/article/4014723-3m-mmm-q3-2016-results-earnings-call-transcript?part=single
MMM,https://seekingalpha.com/article/3991631-3m-mmm-inge-g-thulin-q2-2016-results-earnings-call-transcript?part=single
MMM,https://seekingalpha.com/article/3968135-3ms-mmm-ceo-inge-thulin-q1-2016-results-earnings-call-transcript?part=single
ABT,https://seekingalpha.com/article/4063446-abbott-laboratories-abt-ceo-miles-white-q1-2017-results-earnings-call-transcript?part=single
ABT,https://seekingalpha.com/article/4039377-abbott-laboratories-abt-ceo-miles-white-q4-2016-results-earnings-call-transcript?part=single
ABT,https://seekingalpha.com/article/4013151-abbott-laboratories-abt-ceo-miles-white-q3-2016-results-earnings-call-transcript?part=single
ABT,https://seekingalpha.com/article/3989906-abbott-laboratories-abt-miles-d-white-q2-2016-results-earnings-call-transcript?part=single
ABT,https://seekingalpha.com/article/3966643-abbott-laboratories-abt-miles-d-white-q1-2016-results-earnings-call-transcript?part=single
ABT,https://seekingalpha.com/article/3844716-abbott-laboratories-abt-ceo-miles-white-q4-2015-results-earnings-call-transcript?part=single
ABT,https://seekingalpha.com/article/3589626-abbott-laboratories-abt-miles-d-white-q3-2015-results-earnings-call-transcript?part=single
ABT,https://seekingalpha.com/article/3347415-abbott-laboratories-abt-miles-d-white-on-q2-2015-results-earnings-call-transcript?part=single
ABT,https://seekingalpha.com/article/3091176-abbott-laboratories-abt-ceo-miles-white-on-q1-2015-results-earnings-call-transcript?part=single
ABT,https://seekingalpha.com/article/2865996-abbott-laboratories-abt-ceo-miles-white-on-q4-2014-results-earnings-call-transcript?part=single
ABBV,https://seekingalpha.com/article/4066300-abbvie-abbv-q1-2017-results-earnings-call-transcript?part=single
ABBV,https://seekingalpha.com/article/4040229-abbvies-abbv-ceo-richard-gonzalez-q4-2016-results-earnings-call-transcript?part=single
ABBV,https://seekingalpha.com/article/4016452-abbvies-abbv-ceo-richard-gonzalez-q3-2016-results-earnings-call-transcript?part=single
ABBV,https://seekingalpha.com/article/3993372-abbvie-abbv-richard-gonzalez-q2-2016-results-earnings-call-transcript?part=single
ABBV,https://seekingalpha.com/article/3969393-abbvie-abbv-richard-gonzalez-q1-2016-results-earnings-call-transcript?part=single
ABBV,https://seekingalpha.com/article/3848266-abbvie-abbv-richard-gonzalez-q4-2015-results-earnings-call-transcript?part=single
ABBV,https://seekingalpha.com/article/3628416-abbvies-abbv-ceo-richard-gonzalez-q3-2015-results-earnings-call-transcript?part=single
ABBV,https://seekingalpha.com/article/3355705-abbvies-abbv-ceo-richard-gonzalez-on-q2-2015-results-earnings-call-transcript?part=single
ABBV,https://seekingalpha.com/article/3097296-abbvies-abbv-ceo-rick-gonzalez-on-q1-2015-results-earnings-call-transcript?part=single
ABBV,https://seekingalpha.com/article/2869906-abbvies-abbv-ceo-richard-gonzalez-on-q4-2014-results-earnings-call-transcript?part=single
ABBV,https://seekingalpha.com/article/2624915-abbvies-abbv-ceo-rick-gonzalez-on-q3-2014-results-earnings-call-transcript?part=single
ABBV,https://seekingalpha.com/article/2343215-abbvies-abbv-ceo-richard-gonzalez-on-q2-2014-results-earnings-call-transcript?part=single
ABBV,https://seekingalpha.com/article/2166213-abbvies-ceo-discusses-q1-2014-results-earnings-call-transcript?part=single
ABBV,https://seekingalpha.com/article/1984931-abbvies-ceo-discusses-q4-2013-results-earnings-call-transcript?part=single
ABBV,https://seekingalpha.com/article/1774302-abbvies-ceo-discusses-q3-2013-results-earnings-call-transcript?part=single
ACN,https://seekingalpha.com/article/4083306-accentures-acn-ceo-pierre-nanterme-q3-2017-results-earnings-call-transcript?part=single
ACN,https://seekingalpha.com/article/4057500-accentures-acn-ceo-pierre-nanterme-q2-2017-results-earnings-call-transcript?part=single
ACN,https://seekingalpha.com/article/4032012-accentures-acn-ceo-pierre-nanterme-q1-2017-results-earnings-call-transcript?part=single
ACN,https://seekingalpha.com/article/4009254-accenture-plc-acn-ceo-pierre-nanterme-q4-2016-results-earnings-call-transcript?part=single
ACN,https://seekingalpha.com/article/3983958-accentures-acn-ceo-pierre-nanterme-q3-2016-results-earnings-call-transcript?part=single
ACN,https://seekingalpha.com/article/3958736-accentures-acn-ceo-pierre-nanterme-q2-2016-results-earnings-call-transcript?part=single
ACN,https://seekingalpha.com/article/3762996-accentures-acn-ceo-pierre-nanterme-q1-2016-results-earnings-call-transcript?part=single
ACN,https://seekingalpha.com/article/3531246-accentures-acn-ceo-pierre-nanterme-q4-2015-results-earnings-call-transcript?part=single
ACN,https://seekingalpha.com/article/3283865-accentures-acn-ceo-pierre-nanterme-on-q3-2015-results-earnings-call-transcript?part=single
ACN,https://seekingalpha.com/article/3031196-accentures-acn-ceo-pierre-nanterme-on-q2-2015-results-earnings-call-transcript?part=single
ACN,https://seekingalpha.com/article/2766875-accentures-acn-ceo-pierre-nanterme-on-q1-2015-results-earnings-call-transcript?part=single
ACN,https://seekingalpha.com/article/2518515-accentures-acn-ceo-pierre-nanterme-on-q4-2014-results-earnings-call-transcript?part=single
ACN,https://seekingalpha.com/article/2288353-accentures-acn-ceo-pierre-nanterme-on-q3-2014-results-earnings-call-transcript?part=single
ATVI,https://seekingalpha.com/article/4069383-activision-blizzard-atvi-q1-2017-results-earnings-call-transcript?part=single
ATVI,https://seekingalpha.com/article/4044638-activision-blizzard-atvi-q4-2016-results-earnings-call-transcript?part=single
ATVI,https://seekingalpha.com/article/4019333-activision-blizzard-atvi-q3-2016-results-earnings-call-transcript?part=single
ATVI,https://seekingalpha.com/article/3996088-activision-blizzard-atvi-robert-kotick-q2-2016-results-earnings-call-transcript?part=single
ATVI,https://seekingalpha.com/article/3972096-activision-blizzard-atvi-robert-kotick-q1-2016-results-earnings-call-transcript?part=single
ATVI,https://seekingalpha.com/article/3890016-activision-blizzard-atvi-robert-kotick-q4-2015-results-earnings-call-transcript?part=single
ATVI,https://seekingalpha.com/article/3642256-activision-blizzard-atvi-robert-kotick-q3-2015-results-earnings-call-transcript?part=single
ATVI,https://seekingalpha.com/article/3399085-activision-blizzard-atvi-robert-a-kotick-on-q2-2015-results-earnings-call-transcript?part=single
ATVI,https://seekingalpha.com/article/3150306-activision-blizzard-atvi-robert-a-kotick-on-q1-2015-results-earnings-call-transcript?part=single
ATVI,https://seekingalpha.com/article/2891046-activision-blizzard-atvi-q4-2014-results-earnings-call-transcript?part=single
ATVI,https://seekingalpha.com/article/2639615-activision-blizzards-atvi-ceo-michael-morhaime-on-q3-2014-results-earnings-call-transcript?part=single
AYI,https://seekingalpha.com/article/4084888-acuity-brands-ayi-ceo-vern-nagel-q3-2017-results-earnings-call-transcript?part=single
AYI,https://seekingalpha.com/article/4060192-acuity-brands-ayi-ceo-vern-nagel-q2-2017-results-earnings-call-transcript?part=single
AYI,https://seekingalpha.com/article/4035304-acuity-brands-ayi-ceo-vernon-nagel-q1-2017-results-earnings-call-transcript?part=single
AYI,https://seekingalpha.com/article/4010375-acuity-brands-ayi-ceo-vernon-nagel-q4-2016-results-earnings-call-transcript?part=single
AYI,https://seekingalpha.com/article/3985299-acuity-brands-ayi-ceo-vernon-nagel-q3-2016-results-earnings-call-transcript?part=single
AYI,https://seekingalpha.com/article/3958705-acuity-brands-ayi-ceo-vernon-nagel-q2-2016-results-earnings-call-transcript?part=single
AYI,https://seekingalpha.com/article/3799246-acuity-brands-ayi-ceo-vern-nagel-q1-2016-results-earnings-call-transcript?part=single
AYI,https://seekingalpha.com/article/3557066-acuity-brands-ayi-ceo-vern-nagel-q4-2015-results-earnings-call-transcript?part=single
AYI,https://seekingalpha.com/article/3297675-acuity-brands-ayi-ceo-vern-nagel-on-q3-2015-results-earnings-call-transcript?part=single
AYI,https://seekingalpha.com/article/3046056-acuity-brands-ayi-ceo-vern-nagel-on-q2-2015-results-earnings-call-transcript?part=single
AYI,https://seekingalpha.com/article/2810185-acuity-brands-ayi-ceo-vern-nagel-on-q1-2015-results-earnings-call-transcript?part=single
AYI,https://seekingalpha.com/article/2534655-acuity-brands-ayi-ceo-vern-nagel-on-q4-2014-results-earnings-call-transcript?part=single
AYI,https://seekingalpha.com/article/2295745-acuity-brands-ayi-ceo-vernon-nagel-on-q3-2014-results-earnings-call-transcript?part=single
AYI,https://seekingalpha.com/article/2122663-acuity-brands-ceo-discusses-f2q-2014-results-earnings-call-transcript?part=single
ADBE,https://seekingalpha.com/article/4082785-adobe-systems-adbe-ceo-shantanu-narayen-q2-2017-results-earnings-call-transcript?part=single
ADBE,https://seekingalpha.com/article/4055984-adobe-systems-adbe-ceo-shantanu-narayen-q1-2017-results-earnings-call-transcript?part=single
ADBE,https://seekingalpha.com/article/4030878-adobe-systems-adbe-ceo-shantanu-narayen-q4-2016-results-earnings-call-transcript?part=single
ADBE,https://seekingalpha.com/article/4007460-adobe-systems-adbe-ceo-shantanu-narayen-q3-2016-results-earnings-call-transcript?part=single
ADBE,https://seekingalpha.com/article/3983513-adobe-systems-adbe-ceo-shantanu-narayen-q2-2016-results-earnings-call-transcript?part=single
ADBE,https://seekingalpha.com/article/3959405-adobes-adbe-ceo-shantanu-narayen-q1-2016-results-earnings-call-transcript?part=single
ADBE,https://seekingalpha.com/article/3748916-adobes-adbe-ceo-shantanu-narayen-q4-2015-results-earnings-call-transcript?part=single
ADBE,https://seekingalpha.com/article/3519296-adobe-systems-adbe-ceo-shantanu-narayen-q3-2015-results-earnings-call-transcript?part=single
ADBE,https://seekingalpha.com/article/3263605-adobes-adbe-ceo-shantanu-narayen-on-q2-2015-results-earnings-call-transcript?part=single
ADBE,https://seekingalpha.com/article/3008736-adobes-adbe-ceo-shantanu-narayen-on-q1-2015-results-earnings-call-transcript?part=single
ADBE,https://seekingalpha.com/article/2500185-adobe-systems-adbe-ceo-shantanu-narayen-on-q3-2014-results-earnings-call-transcript?part=single
ADBE,https://seekingalpha.com/article/2273773-adobe-systems-adbe-ceo-shantanu-narayen-on-f2q-2014-results-earnings-call-transcript?part=single
ADBE,https://seekingalpha.com/article/2096663-adobe-systems-ceo-discusses-f1q2014-results-earnings-call-transcript?part=single
ADBE,https://seekingalpha.com/article/1896501-adobe-systems-management-discusses-q4-2013-results-earnings-call-transcript?part=single
ADBE,https://seekingalpha.com/article/1699852-adobe-systems-management-discusses-q3-2013-results-earnings-call-transcript?part=single
ADBE,https://seekingalpha.com/article/1509222-adobe-systems-management-discusses-q2-2013-results-earnings-call-transcript?part=single
AMD,https://seekingalpha.com/article/4067646-advanced-micro-devices-amd-q1-2017-results-earnings-call-transcript?part=single
AMD,https://seekingalpha.com/article/4041296-advanced-micro-devices-amd-q4-2016-results-earnings-call-transcript?part=single
AMD,https://seekingalpha.com/article/4013705-advanced-micro-devices-amd-lisa-su-q3-2016-results-earnings-call-transcript?part=single
AMD,https://seekingalpha.com/article/3990485-advanced-micro-devices-amd-lisa-t-su-q2-2016-results-earnings-call-transcript?part=single
AMD,https://seekingalpha.com/article/3967192-advanced-micro-devices-amd-lisa-t-su-q1-2016-results-earnings-call-transcript?part=single
AAP,https://seekingalpha.com/article/4076278-advance-auto-parts-aap-ceo-tom-greco-q1-2017-results-earnings-call-transcript?part=single
AAP,https://seekingalpha.com/article/4047876-advance-auto-parts-aap-q4-2016-results-earnings-call-transcript?part=single
AAP,https://seekingalpha.com/article/4023782-advance-auto-parts-aap-tom-greco-q3-2016-results-earnings-call-transcript?part=single
AAP,https://seekingalpha.com/article/4000006-advance-auto-parts-aap-ceo-tom-greco-q2-2016-results-earnings-call-transcript?part=single
AAP,https://seekingalpha.com/article/3976413-advance-auto-parts-aap-ceo-tom-greco-q1-2016-results-earnings-call-transcript?part=single
AAP,https://seekingalpha.com/article/3888456-advance-auto-parts-aap-ceo-george-sherman-q4-2015-results-earnings-call-transcript?part=single
AAP,https://seekingalpha.com/article/3680716-advance-auto-parts-aap-darren-r-jackson-q3-2015-results-earnings-call-transcript?part=single
AAP,https://seekingalpha.com/article/3437766-advance-auto-parts-aap-darren-r-jackson-q2-2015-results-earnings-call-transcript?part=single
AAP,https://seekingalpha.com/article/3204066-advance-auto-parts-aap-darren-r-jackson-on-q1-2015-results-earnings-call-transcript?part=single
AAP,https://seekingalpha.com/article/2913166-advance-auto-parts-aap-q4-2014-results-earnings-call-transcript?part=single
AAP,https://seekingalpha.com/article/2650875-advance-auto-parts-aap-ceo-darren-jackson-on-q3-2014-results-earnings-call-transcript?part=single
AAP,https://seekingalpha.com/article/2425055-advance-auto-parts-aap-ceo-darren-jackson-on-q2-2014-results-earnings-call-transcript?part=single
AAP,https://seekingalpha.com/article/2220843-advance-auto-parts-aap-ceo-darren-jackson-on-q1-2014-results-earnings-call-transcript?part=single
AAP,https://seekingalpha.com/article/2000821-advance-auto-parts-management-discusses-q4-2013-results-earnings-call-transcript?part=single
AES,https://seekingalpha.com/article/4070723-aes-corporations-aes-ceo-andres-gluski-q1-2017-results-earnings-call-transcript?part=single
AES,https://seekingalpha.com/article/4050163-aes-aes-ceo-andres-gluski-q4-2016-results-earnings-call-transcript?part=single
AES,https://seekingalpha.com/article/4019753-aes-corporations-aes-ceo-andres-gluski-q3-2016-results-earnings-call-transcript?part=single
AES,https://seekingalpha.com/article/3996497-aes-corporations-aes-ceo-andres-gluski-q2-2016-results-earnings-call-transcript?part=single
AES,https://seekingalpha.com/article/3973175-aes-corporations-aes-ceo-andres-gluski-q1-2016-results-earnings-call-transcript?part=single
AES,https://seekingalpha.com/article/3925796-aess-aes-ceo-andres-gluski-q4-2015-results-earnings-call-transcript?part=single
AES,https://seekingalpha.com/article/3655736-aes-aes-ceo-andres-gluski-q3-2015-results-earnings-call-transcript?part=single
AES,https://seekingalpha.com/article/3424726-the-aes-aes-ceo-andres-gluski-on-q2-2015-results-earnings-call-transcript?part=single
AES,https://seekingalpha.com/article/3170316-the-aess-aes-ceo-andres-ricardo-gluski-weilert-on-q1-2015-results-earnings-call-transcript?part=single
AES,https://seekingalpha.com/article/2954866-the-aess-aes-ceo-andres-ricardo-gluski-weilert-on-q4-2014-results-earnings-call-transcript?part=single
AES,https://seekingalpha.com/article/2651605-the-aess-aes-ceo-andres-ricardo-gluski-weilert-on-q3-2014-results-earnings-call-transcript?part=single
AES,https://seekingalpha.com/article/2396465-the-aess-aes-ceo-andres-ricardo-gluski-weilert-on-q2-2014-results-earnings-call-transcript?part=single
AES,https://seekingalpha.com/article/2203773-the-aess-aes-ceo-andres-ricardo-gluski-weilert-on-q1-2014-results-earnings-call-transcript?part=single
AES,https://seekingalpha.com/article/2051753-the-aes-ceo-discusses-q4-2013-results-earnings-call-transcript?part=single
AES,https://seekingalpha.com/article/1818502-the-aes-management-discusses-q3-2013-results-earnings-call-transcript?part=single
AET,https://seekingalpha.com/article/4067887-aetna-aet-q1-2017-results-earnings-call-transcript?part=single
AET,https://seekingalpha.com/article/4041152-aetna-aet-q4-2016-results-earnings-call-transcript?part=single
AET,https://seekingalpha.com/article/4015809-aetna-aet-q3-2016-results-earnings-call-transcript?part=single
AET,https://seekingalpha.com/article/3994642-aetna-aet-mark-t-bertolini-q2-2016-results-earnings-call-transcript?part=single
AET,https://seekingalpha.com/article/3969400-aetna-aet-mark-t-bertolini-q1-2016-results-earnings-call-transcript?part=single
AET,https://seekingalpha.com/article/3853316-aetna-aet-mark-t-bertolini-q4-2015-results-earnings-call-transcript?part=single
AET,https://seekingalpha.com/article/3619926-aetna-aet-mark-t-bertolini-q3-2015-results-earnings-call-transcript?part=single
AET,https://seekingalpha.com/article/3395995-aetna-aet-mark-t-bertolini-on-q2-2015-results-earnings-call-transcript?part=single
AET,https://seekingalpha.com/article/3110926-aetnas-aet-ceo-mark-bertolini-on-q1-2015-results-earnings-call-transcript?part=single
AET,https://seekingalpha.com/article/2878586-aetnas-aet-ceo-mark-bertolini-on-q4-2014-results-earnings-call-transcript?part=single
AET,https://seekingalpha.com/article/2605005-aetnas-aet-mark-bertolini-on-q3-2014-results-earnings-call-transcript?part=single
AMG,https://seekingalpha.com/article/4067570-affiliated-managers-group-amg-q1-2017-results-earnings-call-transcript?part=single
AMG,https://seekingalpha.com/article/4040740-affiliated-managers-groups-amg-ceo-sean-healey-q4-2016-results-earnings-call-transcript?part=single
AMG,https://seekingalpha.com/article/4017315-affiliated-managers-amg-ceo-sean-healey-q3-2016-results-earnings-call-transcript?part=single
AMG,https://seekingalpha.com/article/3994209-affiliated-managers-groups-amg-ceo-sean-healey-q2-2016-results-earnings-call-transcript?part=single
AMG,https://seekingalpha.com/article/3970670-affiliated-managers-group-amg-sean-m-healey-q1-2016-results-earnings-call-transcript?part=single
AMG,https://seekingalpha.com/article/3857186-affiliated-managers-group-amg-sean-m-healey-q4-2015-results-earnings-call-transcript?part=single
AMG,https://seekingalpha.com/article/3666996-affiliated-managers-group-amg-sean-m-healey-q3-2015-results-earnings-call-transcript?part=single
AMG,https://seekingalpha.com/article/3365575-affiliated-managers-amg-ceo-sean-healey-discusses-q2-2015-results-earnings-call-transcript?part=single
AMG,https://seekingalpha.com/article/3114046-affiliated-managers-amg-ceo-sean-healey-discusses-q1-2015-results-earnings-call-transcript?part=single
AMG,https://seekingalpha.com/article/2856066-affiliated-managers-groups-amg-ceo-sean-healey-on-q4-2014-results-earnings-call-transcript?part=single
AMG,https://seekingalpha.com/article/2632505-affiliated-managers-groups-amg-ceo-sean-healey-on-q3-2014-results-earnings-call-transcript?part=single
AMG,https://seekingalpha.com/article/2355165-affiliated-managers-groups-amg-ceo-sean-healey-on-q2-2014-results-earnings-call-transcript?part=single
AMG,https://seekingalpha.com/article/2174763-affiliated-managers-group-management-discusses-q1-2014-results-earnings-call-transcript?part=single
AMG,https://seekingalpha.com/article/1992881-affiliated-managers-group-management-discusses-q4-2013-results-earnings-call-transcript?part=single
AMG,https://seekingalpha.com/article/1807242-affiliated-managers-group-management-discusses-q3-2013-results-earnings-call-transcript?part=single
AMG,https://seekingalpha.com/article/1585072-affiliated-managers-group-management-discusses-q2-2013-results-earnings-call-transcript?part=single
AMG,https://seekingalpha.com/article/1386461-affiliated-managers-group-management-discusses-q1-2013-results-earnings-call-transcript?part=single
AFL,https://seekingalpha.com/article/4066847-aflacs-afl-ceo-dan-amos-q1-2017-results-earnings-call-transcript?part=single
AFL,https://seekingalpha.com/article/4041563-aflacs-afl-ceo-dan-amos-q4-2016-results-earnings-call-transcript?part=single
AFL,https://seekingalpha.com/article/4016466-aflacs-afl-ceo-dan-amos-q3-2016-results-earnings-call-transcript?part=single
AFL,https://seekingalpha.com/article/3993449-aflacs-afl-ceo-dan-amos-q2-2016-results-earnings-call-transcript?part=single
AFL,https://seekingalpha.com/article/3968804-aflacs-afl-ceo-dan-amos-q1-2016-results-earnings-call-transcript?part=single
AFL,https://seekingalpha.com/article/3856846-aflac-afl-daniel-p-amos-q4-2015-results-earnings-call-transcript?part=single
AFL,https://seekingalpha.com/article/3615366-aflac-afl-daniel-p-amos-q3-2015-results-earnings-call-transcript?part=single
AFL,https://seekingalpha.com/article/3370005-aflacs-afl-ceo-dan-paul-amos-on-q2-2015-results-earnings-call-transcript?part=single
AFL,https://seekingalpha.com/article/3117896-aflac-afl-ceo-dan-amos-on-q1-2015-results-earnings-call-transcript?part=single
AFL,https://seekingalpha.com/article/2883986-aflacs-afl-ceo-dan-amos-on-q4-2014-results-earnings-call-transcript?part=single
AFL,https://seekingalpha.com/article/2612485-aflacs-afl-ceo-dan-amos-on-q3-2014-results-earnings-call-transcript?part=single
AFL,https://seekingalpha.com/article/2359375-aflacs-afl-ceo-dan-amos-on-q2-2014-results-earnings-call-transcript?part=single
AFL,https://seekingalpha.com/article/2178123-aflacs-ceo-discusses-q1-2014-results-earnings-call-transcript?part=single
AFL,https://seekingalpha.com/article/1995721-aflacs-ceo-discusses-q4-2013-results-earnings-call-transcript?part=single
AFL,https://seekingalpha.com/article/1787492-aflacs-ceo-discusses-q3-2013-results-earnings-call-transcript?part=single
A,https://seekingalpha.com/article/4075477-agilent-technologies-ceo-michael-mcmullen-q2-2017-results-earnings-call-transcript?part=single
A,https://seekingalpha.com/article/4046032-agilent-technologies-q1-2017-results-earnings-call-transcript?part=single
A,https://seekingalpha.com/article/4023784-agilent-technologies-ceo-mike-mcmullen-q4-2016-results-earnings-call-transcript?part=single
A,https://seekingalpha.com/article/4000415-agilent-technologies-ceo-mike-mcmullen-q3-2016-results-earnings-call-transcript?part=single
A,https://seekingalpha.com/article/3975520-agilent-technologies-ceo-michael-mcmullen-q2-2016-results-earnings-call-transcript?part=single
A,https://seekingalpha.com/article/3900606-agilent-technologies-michael-r-mcmullen-q1-2016-results-earnings-call-transcript?part=single
A,https://seekingalpha.com/article/3690526-agilent-technologies-ceo-mike-mcmullen-q4-2015-results-earnings-call-transcript?part=single
A,https://seekingalpha.com/article/3446616-agilents-ceo-mike-mcmullen-q3-2016-results-earnings-call-transcript?part=single
A,https://seekingalpha.com/article/3195956-agilent-technologies-a-michael-r-mcmullen-on-q2-2015-results-earnings-call-transcript?part=single
A,https://seekingalpha.com/article/2924816-agilent-technologies-a-ceo-bill-sullivan-on-q1-2015-results-earnings-call-transcript?part=single
A,https://seekingalpha.com/article/2691425-agilents-a-ceo-bill-sullivan-on-q4-2014-results-earnings-call-transcript?part=single
APD,https://seekingalpha.com/article/4066301-air-products-and-chemicals-apd-q2-2017-results-earnings-call-transcript?part=single
APD,https://seekingalpha.com/article/4040227-air-products-and-chemicals-apd-ceo-seifi-ghasemi-q1-2017-results-earnings-call-transcript?part=single
APD,https://seekingalpha.com/article/4015985-air-products-and-chemicals-apd-q4-2016-results-earnings-call-transcript?part=single
APD,https://seekingalpha.com/article/3992892-air-products-chemicals-apd-ceo-seifollah-ghasemi-q3-2016-results-earnings-call-transcript?part=single
APD,https://seekingalpha.com/article/3969093-air-products-and-chemicals-apd-seifollah-ghasemi-q2-2016-results-earnings-call-transcript?part=single
APD,https://seekingalpha.com/article/3849046-air-products-chemicals-apd-ceo-seifi-ghasemi-q1-2016-results-earnings-call-transcript?part=single
APD,https://seekingalpha.com/article/3620496-air-products-and-chemicals-apd-seifollah-ghasemi-q4-2015-results-earnings-call-transcript?part=single
APD,https://seekingalpha.com/article/3379585-air-products-and-chemicals-apd-seifollah-ghasemi-on-q3-2015-results-earnings-call-transcript?part=single
APD,https://seekingalpha.com/article/3126756-air-products-and-chemicals-inc-apd-ceo-seifi-ghasemi-on-q2-2015-results-earnings-call-transcript?part=single
APD,https://seekingalpha.com/article/2865986-air-products-and-chemicals-apd-ceo-seifollah-ghasemi-on-q1-2015-results-earnings-call-transcript?part=single
AKAM,https://seekingalpha.com/article/4068191-akamai-technologies-akam-q1-2017-results-earnings-call-transcript?part=single
AKAM,https://seekingalpha.com/article/4043641-akamai-technologies-akam-q4-2016-results-earnings-call-transcript?part=single
AKAM,https://seekingalpha.com/article/4014927-akamai-technologies-akam-q3-2016-results-earnings-call-transcript?part=single
AKAM,https://seekingalpha.com/article/3991830-akamai-technologies-akam-frank-thomson-leighton-q2-2016-results-earnings-call-transcript?part=single
AKAM,https://seekingalpha.com/article/3968320-akamai-technologies-akam-frank-thomson-leighton-q1-2016-results-earnings-call-transcript?part=single
AKAM,https://seekingalpha.com/article/3881276-akamai-technologies-akam-frank-thomson-leighton-q4-2015-results-earnings-call-transcript?part=single
AKAM,https://seekingalpha.com/article/3611286-akamai-technologies-akam-frank-thomson-leighton-q3-2015-results-earnings-call-transcript?part=single
AKAM,https://seekingalpha.com/article/3367175-akamai-technologies-akam-frank-thomson-leighton-on-q2-2015-results-earnings-call-transcript?part=single
AKAM,https://seekingalpha.com/article/3113246-akamai-technologies-akam-frank-thomson-leighton-on-q1-2015-results-earnings-call-transcript?part=single
AKAM,https://seekingalpha.com/article/2905036-akamai-technologies-akam-ceo-thomson-leighton-on-q4-2014-results-earnings-call-transcript?part=single
AKAM,https://seekingalpha.com/article/2614145-akamai-technologies-akam-ceo-thomson-leighton-on-q3-2014-results-earnings-call-transcript?part=single
AKAM,https://seekingalpha.com/article/2361045-akamai-technologies-akam-ceo-thomson-leighton-on-q2-2014-results-earnings-call-transcript?part=single
AKAM,https://seekingalpha.com/article/2185003-akamai-akam-q1-2014-results-earnings-call-transcript?part=single
ALK,https://seekingalpha.com/article/4065787-alaska-air-group-alk-q1-2017-results-earnings-call-transcript?part=single
ALK,https://seekingalpha.com/article/4044001-alaska-air-group-alk-q4-2016-results-earnings-call-transcript?part=single
ALK,https://seekingalpha.com/article/4013662-alaska-air-group-alk-bradley-tilden-q3-2016-results-earnings-call-transcript?part=single
ALK,https://seekingalpha.com/article/3990483-alaska-air-group-alk-bradley-d-tilden-q2-2016-results-earnings-call-transcript?part=single
ALK,https://seekingalpha.com/article/3966891-alaska-air-groups-alk-ceo-bradley-tilden-q1-2016-results-earnings-call-transcript?part=single
ALK,https://seekingalpha.com/article/3825836-alaska-air-groups-alk-ceo-brad-tilden-q4-2015-results-earnings-call-transcript?part=single
ALK,https://seekingalpha.com/article/3596116-alaska-air-group-alk-bradley-d-tilden-q3-2015-results-earnings-call-transcript?part=single
ALK,https://seekingalpha.com/article/3352465-alaska-air-group-alk-bradley-d-tilden-on-q2-2015-results-earnings-call-transcript?part=single
ALK,https://seekingalpha.com/article/3098526-alaska-air-groups-alk-ceo-brad-tilden-q1-2015-results-earnings-call-transcript?part=single
ALK,https://seekingalpha.com/article/2842656-alaska-air-groups-alk-ceo-brad-tilden-on-q4-2014-results-earnings-call-transcript?part=single
ALK,https://seekingalpha.com/article/2591355-alaska-air-groups-alk-ceo-bradley-tilden-on-q3-2014-results-earnings-call-transcript?part=single
ALK,https://seekingalpha.com/article/2340625-alaska-air-groups-alk-ceo-bradley-tilden-on-q2-2014-results-earnings-call-transcript?part=single
ALB,https://seekingalpha.com/article/4069328-albemarles-alb-ceo-luke-kissam-q1-2017-results-earnings-call-transcript?part=single
ALB,https://seekingalpha.com/article/4050554-albemarle-alb-q4-2016-results-earnings-call-transcript?part=single
ALB,https://seekingalpha.com/article/4021164-albemarle-alb-q3-2016-results-earnings-call-transcript?part=single
ALB,https://seekingalpha.com/article/3995958-albemarle-alb-luke-c-kissam-q2-2016-results-earnings-call-transcript?part=single
ALB,https://seekingalpha.com/article/3974165-albemarle-alb-luther-c-kissam-q1-2016-results-earnings-call-transcript?part=single
ALB,https://seekingalpha.com/article/3908206-albemarle-alb-luke-c-kissam-q4-2015-results-earnings-call-transcript?part=single
ALB,https://seekingalpha.com/article/3653486-albemarle-alb-luke-c-kissam-q3-2015-results-earnings-call-transcript?part=single
ALB,https://seekingalpha.com/article/3408816-albemarle-alb-luke-c-kissam-on-q2-2015-results-earnings-call-transcript?part=single
ALB,https://seekingalpha.com/article/3154396-albemarle-alb-luther-c-kissam-on-q1-2015-results-earnings-call-transcript?part=single
ALB,https://seekingalpha.com/article/2865446-albemarle-alb-q4-2014-results-earnings-call-transcript?part=single
ALB,https://seekingalpha.com/article/2592595-albemarles-alb-ceo-luther-kissam-on-q3-2014-results-earnings-call-transcript?part=single
ALB,https://seekingalpha.com/article/2364755-albemarles-alb-ceo-luther-kissam-on-q2-2014-results-earnings-call-transcript?part=single
ALB,https://seekingalpha.com/article/2147923-albemarle-corporations-ceo-discusses-q1-2014-results-earnings-call-transcript?part=single
ALB,https://seekingalpha.com/article/1977031-albemarle-management-discusses-q4-2013-results-earnings-call-transcript?part=single
ARE,https://seekingalpha.com/article/4068159-alexandria-real-estate-equities-ceo-joel-marcus-q1-2017-results-earnings-call-transcript?part=single
ARE,https://seekingalpha.com/article/4041262-alexandria-real-estate-equities-ceo-joel-marcus-q4-2016-results-earnings-call-transcript?part=single
ARE,https://seekingalpha.com/article/4017925-alexandria-real-estate-equities-ceo-joel-marcus-q3-2016-results-earnings-call-transcript?part=single
ARE,https://seekingalpha.com/article/3994783-alexandria-real-estate-equities-ceo-joel-marcus-q2-2016-results-earnings-call-transcript?part=single
ARE,https://seekingalpha.com/article/3970986-alexandria-real-estate-equities-ceo-joel-marcus-q1-2016-results-earnings-call-transcript?part=single
ARE,https://seekingalpha.com/article/3858296-alexandria-real-estate-equities-ceo-joel-marcus-q4-2015-results-earnings-call-transcript?part=single
ARE,https://seekingalpha.com/article/3641156-alexandria-real-estate-equities-ceo-joel-marcus-q3-2015-results-earnings-call-transcript?part=single
ARE,https://seekingalpha.com/article/3366695-alexandria-real-estate-equities-are-ceo-joel-marcus-on-q2-2015-results-earnings-call-transcript?part=single
ARE,https://seekingalpha.com/article/3113286-alexandria-real-estate-equities-are-ceo-joel-marcus-on-q1-2015-results-earnings-call-transcript?part=single
ARE,https://seekingalpha.com/article/2880596-alexandria-real-estate-equities-are-ceo-joel-marcus-on-q4-2014-results-earnings-call-transcript?part=single
ARE,https://seekingalpha.com/article/2632945-alexandria-real-estate-equities-are-ceo-joel-marcus-on-q3-2014-results-earnings-call-transcript?part=single
ARE,https://seekingalpha.com/article/2354955-alexandria-real-estate-equities-are-ceo-joel-marcus-on-q2-2014-results-earnings-call-transcript?part=single
ARE,https://seekingalpha.com/article/2196163-alexandria-real-estate-equities-are-ceo-joel-marcus-on-q1-2014-results-earnings-call-transcript?part=single
ARE,https://seekingalpha.com/article/1993851-alexandria-real-estate-equities-ceo-discusses-q4-2013-results-earnings-call-transcript?part=single
ARE,https://seekingalpha.com/article/1785412-alexandrias-ceo-discusses-q3-2013-results-earnings-call-transcript?part=single
ARE,https://seekingalpha.com/article/1586872-alexandria-real-estate-equities-ceo-discusses-q2-2013-results-earnings-call-transcript?part=single
ALXN,https://seekingalpha.com/article/4066340-alexion-pharmaceuticals-alxn-q1-2017-results-earnings-call-transcript?part=single
ALXN,https://seekingalpha.com/article/4046771-alexion-pharmaceuticals-alxn-q4-2016-results-earnings-call-transcript?part=single
ALXN,https://seekingalpha.com/article/4015834-alexion-pharmaceuticals-alxn-q3-2016-results-earnings-call-transcript?part=single
ALXN,https://seekingalpha.com/article/3992873-alexion-pharmaceuticals-inc-alxn-ceo-david-hallal-q2-2016-results-earnings-call-transcript?part=single
ALXN,https://seekingalpha.com/article/3969394-alexion-pharmaceuticals-alxn-david-l-hallal-q1-2016-results-earnings-call-transcript?part=single
ALXN,https://seekingalpha.com/article/3862346-alexion-pharmaceuticals-alxn-ceo-david-hallal-q4-2015-results-earnings-call-transcript?part=single
ALXN,https://seekingalpha.com/article/3624196-alexion-pharmaceuticals-alxn-david-hallal-q3-2015-results-earnings-call-transcript?part=single
ALXN,https://seekingalpha.com/article/3378045-alexion-pharmaceuticals-alxn-david-l-hallal-on-q2-2015-results-earnings-call-transcript?part=single
ALXN,https://seekingalpha.com/article/3095446-alexion-pharmaceuticals-alxn-ceo-david-hallal-on-q1-2015-results-earnings-call-transcript?part=single
ALGN,https://seekingalpha.com/article/4066539-align-technology-algn-q1-2017-results-earnings-call-transcript?part=single
ALGN,https://seekingalpha.com/article/4041313-align-technologys-algn-ceo-joseph-hogan-q4-2016-results-earnings-call-transcript?part=single
ALGN,https://seekingalpha.com/article/4020813-align-technology-algn-q3-2016-results-earnings-call-transcript?part=single
ALGN,https://seekingalpha.com/article/3993061-align-technologys-algn-joe-hogan-q2-2016-results-earnings-call-transcript?part=single
ALGN,https://seekingalpha.com/article/3969352-align-technology-algn-joseph-m-hogan-q1-2016-results-earnings-call-transcript?part=single
ALGN,https://seekingalpha.com/article/3845986-align-technology-algn-joe-hogan-q4-2015-results-earnings-call-transcript?part=single
ALGN,https://seekingalpha.com/article/3596076-align-technology-algn-joseph-m-hogan-q3-2015-results-earnings-call-transcript?part=single
ALGN,https://seekingalpha.com/article/3353195-align-technologys-algn-ceo-joe-hogan-on-q2-2015-results-earnings-call-transcript?part=single
ALGN,https://seekingalpha.com/article/3101826-align-technologys-algn-ceo-tom-prescott-on-q1-2015-results-earnings-call-transcript?part=single
ALGN,https://seekingalpha.com/article/2867006-align-technology-algn-q4-2014-results-earnings-call-transcript?part=single
ALLE,https://seekingalpha.com/article/4067031-allegions-alle-ceo-david-petratis-q1-2017-results-earnings-call-transcript?part=single
ALLE,https://seekingalpha.com/article/4044387-allegion-plc-alle-q4-2016-results-earnings-call-transcript?part=single
ALLE,https://seekingalpha.com/article/4016686-allegion-plc-alle-dave-petratis-q3-2016-results-earnings-call-transcript?part=single
ALLE,https://seekingalpha.com/article/3992714-allegion-plc-alle-david-d-petratis-q2-2016-results-earnings-call-transcript?part=single
ALLE,https://seekingalpha.com/article/3969190-allegion-plc-alle-david-d-petratis-q1-2016-results-earnings-call-transcript?part=single
ALLE,https://seekingalpha.com/article/3887776-allegion-plc-alle-david-d-petratis-q4-2015-results-earnings-call-transcript?part=single
ALLE,https://seekingalpha.com/article/3620656-allegion-plc-alle-david-d-petratis-q3-2015-results-earnings-call-transcript?part=single
ALLE,https://seekingalpha.com/article/3377635-allegions-alle-ceo-dave-petratis-on-q2-2015-results-earnings-call-transcript?part=single
ALLE,https://seekingalpha.com/article/3122986-allegions-alle-ceo-dave-petratis-on-q1-2015-results-earnings-call-transcript?part=single
ALLE,https://seekingalpha.com/article/2927056-allegions-alle-ceo-dave-petratis-on-q4-2014-results-earnings-call-transcript?part=single
ALLE,https://seekingalpha.com/article/2618655-allegions-alle-ceo-dave-petratis-on-q3-2014-results-earnings-call-transcript?part=single
ALLE,https://seekingalpha.com/article/2364995-allegions-alle-ceo-dave-petratis-on-q2-2014-results-earnings-call-transcript?part=single
AGN,https://seekingalpha.com/article/4071181-allergan-plc-agn-q1-2017-results-earnings-call-transcript?part=single
AGN,https://seekingalpha.com/article/4043904-allergan-plc-agn-q4-2016-results-earnings-call-transcript?part=single
AGN,https://seekingalpha.com/article/4018290-allergan-plc-agn-q3-2016-results-earnings-call-transcript?part=single
AGN,https://seekingalpha.com/article/3997329-allergan-plc-agn-brenton-l-saunders-q2-2016-results-earnings-call-transcript?part=single
AGN,https://seekingalpha.com/article/3973693-allergan-plc-agn-brenton-l-saunders-q1-2016-results-earnings-call-transcript?part=single
AGN,https://seekingalpha.com/article/3917136-allergans-agn-ceo-brent-saunders-q4-2015-results-earnings-call-transcript?part=single
AGN,https://seekingalpha.com/article/3645736-allergan-plc-agn-brenton-l-saunders-q3-2015-results-earnings-call-transcript?part=single
AGN,https://seekingalpha.com/article/3409796-allergan-plc-agn-brenton-l-saunders-on-q2-2015-results-earnings-call-transcript?part=single
AGN,https://seekingalpha.com/article/3169436-allergan-plc-agn-brenton-l-saunders-on-q1-2015-results-earnings-call-transcript?part=single
AGN,https://seekingalpha.com/article/2937346-actavis-act-ceo-brent-saunders-on-q4-2014-results-earnings-call-transcript?part=single
ADS,https://seekingalpha.com/article/4063882-alliance-data-systems-ads-ceo-ed-heffernan-q1-2017-results-earnings-call-transcript?part=single
ADS,https://seekingalpha.com/article/4039851-alliance-data-systems-ads-ceo-edward-heffernan-q4-2016-results-earnings-call-transcript?part=single
ADS,https://seekingalpha.com/article/4013509-alliance-data-systems-ads-ceo-edward-heffernan-q3-2016-results-earnings-call-transcript?part=single
ADS,https://seekingalpha.com/article/3990327-alliance-data-systems-ads-ceo-edward-heffernan-q2-2016-results-earnings-call-transcript?part=single
ADS,https://seekingalpha.com/article/3966552-alliance-data-systems-ads-edward-heffernan-q1-2016-results-earnings-call-transcript?part=single
ADS,https://seekingalpha.com/article/3844616-alliance-data-systems-ads-edward-heffernan-q4-2015-results-earnings-call-transcript?part=single
ADS,https://seekingalpha.com/article/3593596-alliance-data-systems-ads-edward-j-heffernan-q3-2015-results-earnings-call-transcript?part=single
ADS,https://seekingalpha.com/article/3350965-alliance-data-systems-ads-edward-j-heffernan-on-q2-2015-results-earnings-call-transcript?part=single
ADS,https://seekingalpha.com/article/3075986-alliance-data-systems-ads-ceo-ed-heffernan-on-q1-2015-results-earnings-call-transcript?part=single
ADS,https://seekingalpha.com/article/2888676-alliance-data-systems-ads-ceo-edward-heffernan-on-q4-2014-results-earnings-call-transcript?part=single
LNT,https://seekingalpha.com/article/4070193-alliant-energys-lnt-ceo-pat-kampling-q1-2017-results-earnings-call-transcript?part=single
LNT,https://seekingalpha.com/article/4049450-alliant-energys-lnt-ceo-pat-kampling-q4-2016-results-earnings-call-transcript?part=single
LNT,https://seekingalpha.com/article/4019783-alliant-energys-lnt-ceo-pat-kampling-q3-2016-results-earnings-call-transcript?part=single
LNT,https://seekingalpha.com/article/3994574-alliant-energy-corporation-lnt-ceo-pat-kampling-q2-2016-results-earnings-call-transcript?part=single
LNT,https://seekingalpha.com/article/3971916-alliant-energys-lnt-ceo-pat-kampling-q1-2016-results-earnings-call-transcript?part=single
LNT,https://seekingalpha.com/article/3921516-alliant-energys-lnt-ceo-pat-kampling-q4-2015-results-earnings-call-transcript?part=single
LNT,https://seekingalpha.com/article/3658516-alliant-energys-lnt-ceo-pat-kampling-q3-2015-results-earnings-call-transcript?part=single
LNT,https://seekingalpha.com/article/3408806-alliant-energys-lnt-ceo-pat-kampling-on-q2-2015-results-earnings-call-transcript?part=single
LNT,https://seekingalpha.com/article/3129656-alliant-energys-lnt-ceo-pat-kampling-on-q1-2015-results-earnings-call-transcript?part=single
LNT,https://seekingalpha.com/article/2946066-alliant-energys-lnt-ceo-pat-kampling-on-q4-2014-results-earnings-call-transcript?part=single
LNT,https://seekingalpha.com/article/2657875-alliant-energys-lnt-ceo-pat-kampling-on-q3-2014-results-earnings-call-transcript?part=single
LNT,https://seekingalpha.com/article/2405495-alliant-energys-lnt-ceo-patricia-kampling-on-q2-2014-results-earnings-call-transcript?part=single
LNT,https://seekingalpha.com/article/2188213-alliant-energys-lnt-ceo-pat-kampling-on-q1-2014-results-earnings-call-transcript?part=single
ALL,https://seekingalpha.com/article/4068670-allstate-q1-2017-results-earnings-call-transcript?part=single
ALL,https://seekingalpha.com/article/4042192-allstates-ceo-thomas-joseph-wilson-q4-2016-results-earnings-call-transcript?part=single
ALL,https://seekingalpha.com/article/4019109-allstate-q3-2016-results-earnings-call-transcript?part=single
ALL,https://seekingalpha.com/article/3996223-allstates-ceo-tom-wilson-q2-2016-results-earnings-call-transcript?part=single
ALL,https://seekingalpha.com/article/3972024-allstate-thomas-joseph-wilson-q1-2016-results-earnings-call-transcript?part=single
ALL,https://seekingalpha.com/article/3866106-allstates-ceo-thomas-wilson-q4-2015-results-earnings-call-transcript?part=single
ALL,https://seekingalpha.com/article/3639436-allstate-thomas-joseph-wilson-q3-2015-results-earnings-call-transcript?part=single
ALL,https://seekingalpha.com/article/3396125-the-allstate-all-thomas-j-wilson-on-q2-2015-results-earnings-call-transcript?part=single
ALL,https://seekingalpha.com/article/3148826-the-allstates-all-ceo-thomas-wilson-on-q1-2015-results-earnings-call-transcript?part=single
ALL,https://seekingalpha.com/article/2891846-the-allstate-all-q4-2014-results-earnings-call-transcript?part=single
ALL,https://seekingalpha.com/article/2621195-the-allstates-all-ceo-thomas-wilson-on-q3-2014-results-earnings-call-transcript?part=single
